{
  "config": {
    "n": 100000,
    "seed": 42,
    "sigma_mean_mpa": 155.0,
    "sigma_sd_mpa": 15.0,
    "m_mean": 0.0009256,
    "m_sd": 5e-05,
    "q_mean": 4.936,
    "q_sd": 0.05,
    "T_min_C": 150.0,
    "T_max_C": 200.0,
    "duration_mean_h": 4.0,
    "duration_sd_h": 0.5,
    "fire_prior": "jeffreys_K",
    "y_fire": 1532
  },
  "summary": {
    "accept_rate": 0.31968,
    "rejected_rate": 0.68032,
    "median_unconditional": 2681.751352763842,
    "ci95_unconditional": [
      569.3159222218899,
      12450.463052465242
    ],
    "median_conditional": 940.063638288724,
    "ci95_conditional": [
      467.2755335758202,
      1495.2233325606758
    ],
    "p_c14_unconditional": 0.03161,
    "p_c14_conditional": 0.09888013013013013
  }
}